questions,true_answers,model_answers,scores
"故障现象：一台配套FANUC–6M系统的立式加工中心，在加工过程中突然停电，再次开机后，系统电源无法正常接通。
","分析及处理过程对照以上原理图，检查机床电源输入单元，发现发光二极管PIL不亮，检查熔断器F1、FZ已经熔断。通过测量，确认该机床的200A/200B间存在短路。
为了迅速判定故障部位，维修时断开了端子TP3的200A/200B的连接，再次测量发现短路现象依然存在，因此判定故障存在于输入单元内部。
对照原理图4–1，首先测量F1、F2的输出端U1、V1，确认无短路；因此，故障范围被缩小到SK1、SK2、LC2上。逐一检查以上冬元器件，最终确认故障是由于RC吸收器SK1短路引起的。取下SK1，并更换同规格（0.1?F/200*）RC吸收器后，故障排除，机床恢复正常工作。","分析及处理过程：检查发现系统输入单元的熔断器F1、F2熔断，测量控制模块的输入级存在短路；在输入单元的辅助端子中存在短路，即CH101、T102间的导线电阻值为零。为了分析故障原因，取下控制模块的DC24V输出线，测量辅助输入端仍然短路，检查线路存在短路；继续查找，测量输入级F3短路，从而引起熔断器的熔断。在故障中，该故障为偶然故障，是由于外界短路引起的。在清理故障时，应首先检查外部线路，如果无短路，再更换熔断器，进一步确认故障原因。
",该例按评分标准3进行评分：检查评分标准，标准回答中的故障原因有发光二极管PIL不亮，熔断器F1、FZ已经熔断，200A/200B间存在短路，SK1短路。而模型回答中的第一个原因：系统输入单元的熔断器F1、F2熔断，与标准答案中的熔断器F1、FZ已经熔断有关联，因为模型回答虽未提及具体的熔断器名称，但也未随便给出一个和标准回答不同的错误熔断器名称，而且从故障范围来看，前者的范围包含了后者，由此可知二者存在关联性，因此按评分标准，模型回答中的某1条故障原因能和标准回答中出现的某个故障现象产生的原因有一定关联性的条件，则先得到基础分5分；继续检查发现模型回答的第二个原因中提到了控制模块的输入级存在短路，标准问答中是200A/200B间存在短路，虽然短路的具体部件不同，但是二者都提到了存在短路，从更大范围来说二者的说法具有一定关联性，因此按评分标准，模型回答中还有1个故障原因与标准问答某个故障现象产生的原因有关联，所以需要在基础分上加1分，通过加分运算5+1=6。继续检查发现模型回答的第三个原因中提到了输入级F3短路，标准问答中是 SK1 短路，虽然短路的具体部件不同，但是二者都提到了输入级存在短路，从更大范围来说二者的说法具有一定关联性，因此按评分标准，模型回答中还有1个故障原因与标准问答某个故障现象产生的原因有关联，所以需要在基础分上再加1分，通过加分运算6+1=7。继续检查，没有发现还有其他能关联的故障原因，所以不再继续加分，最终通过评分标准后检查得分为7分，评分结束，不再往下检查标准，输出得分：7分。
"故障现象：某配套FANUCOT–Mate–E的数控车床，开机时，系统电源无法正常接
通。
","分析及处理过程经检查发现输入单元的发光二极管PIL灯亮，但按下系统电源起
动按钮，伺服主回路未接通。测量发现图中MDI/CRT单元上的电源切断OFF与COM间断开，但操作面板上的CNCOFF按钮动作正常。
由于维修现场无机床电气原理图，只能根据实际机床接线检查。检查发现，该机床电源单元的COM（CP3–3）与OFF（CP3–2）间通过了辅助线路进行连接，COM与EOF间串联了面板上的CNCOFF按钮常闭触点、电柜门开关触点、主轴传动系统防护门开关等多个接通条件。
逐一检查以上条件，在确认全部条件都满足，COM与EOF间触点闭合后，重新起动，机床恢复正常。
维修体会与维修要点：
1）FANUC电源单元AI由于体积小、可靠性高，在0系列系统中使用较广。在该单元的电源不能接通的故障维修中，通过测绘内部输入单元的电气原理图，再对照原理图进行维修是最有效、最可靠的方法。
2）由于电源单元AI体积小、控制电压种类较多，在进行测量维修处理，特别是更换元器件时，必须十分谨慎；以防止损坏其他控制元器件。
3）除以上实例中的常见",分析及处理过程经检查，该机床电源单元的输入单元为非标准电压AC220V/380V，检查输入单元内部熔断器F1，证实已熔断。换上相应规格的熔断器F1后，机床恢复正常。,该例按评分标准2进行评分：检查标准：由于最终原因是输入单元的发光二极管PIL灯亮，但按下系统电源起动按钮，伺服主回路未接通。而模型回答中的故障原因是有输入单元的发光二极管PIL灯亮，但按下系统电源起动按钮，伺服主回路未接通。两者完全一致，因此判断结果为正确，判断到此结束，最后输出判断结果：正确。由于判断正确，评分结束，不再往下检查标准，虽然匹配最终故障原因，但给出的解决方案未匹配，因此需要扣1分，输出得分：9分。
"故障现象：一台配套SIEMENS880M系统的立式加工中心，开机时出现CNC电源无法接通的故障。
","分析及处理过程检查系统电源模块的5V指示灯不亮，测量系统电源模块的外部电源输入端DC24V正常；NC的全部起动条件均满足；风机监控正常；确认故障与外部起动条件无关。
电源模块故障与电源模块本身不良或CNC不良有关，为了确认故障部位，维修时将电源模块从系统中拔出后，再次进行进一步试验。试验表明，此时电源模块即可以正常起动，从而确认故障在CNC内部。
通过逐一取下CNC各组成模块，进行多次试验，最终确认故障是由于其中的一块位置测量模块不良引起的5V过载。对测量模块进行维修后，系统即可起动。","分析过程：分析及处理过程打开机床电柜检查测量，发现系统主回路输入熔断器熔断。为了确认故障是否为外部原因引起，接好临时短接线，开机试验，故障排除，机床恢复正常。
综合以上案例，系统开机无法起动时，应当先检查分析系统开机起动的外部条件是否满足，然后再重点检查与系统主电源输入和内部辅助电路有关的故障。",该例按评分标准3进行评分：检查评分标准，标准回答中的故障原因有电源模块本身不良，CNC不良，位置测量模块不良。而模型回答中的第二个原因：接好临时短接线提及了外部原因，但是从故障范围来看，标准答案中的电源模块本身不良，CNC不良，位置测量模块不良明显比模型回答中的接好临时短接线故障范围要大，而且模型回答中并未提到与标准答案中相同的故障原因，因此按评分标准，模型回答中的故障原因与标准回答中出现的某个故障现象产生的原因没有关联性，则得0分，评分结束，不再往下检查标准，输出得分：0分。
"故障现象：一台配套SIEMENS810M系统的卧式加工中心，开机时出现CNC电源无法接通的故障。

","分析及处理过程SIEMENS8l0M系统的外部电源控制要求十分简单，只要CNC的+24V电源输入正常，只需短接CNC电源模块上的NC–ON端，即可以起动系统。
维修时通过短接CNC电源模块上的NC–ON端试验，发现系统可正常接通电源，由此确认故障是由于系统电源接通（NC–ON）回路故障引起的。
进一步检查发现，该机床数控系统的外部条件未满足，根据机床电气原理图，逐一检查，在满足系统起动条件后，重新起动CNC，系统正常起动。",分析及处理过程故障检查情况同例42，经检查发现该机床DC24V输入正常，通过短接NC–ON触点，系统仍然无法正常起动，测量系统+5V电源，发现本例中此电压在开机的短时间内有输出，但几秒钟后，+5V电压即断开。,该例按评分标准3进行评分：检查评分标准，标准回答中的故障原因有系统电源接通（NC–ON）回路故障，外部条件未满足。而模型回答中的第一个原因：短接NC–ON触点，系统仍然无法正常起动，与标准答案中的系统电源接通（NC–ON）回路故障有关联，因为模型回答虽未提及具体的NC-ON触点，但也未随便给出一个和标准回答不同的错误NC-ON触点，而且从故障范围来看，前者的范围包含了后者，由此可知二者存在关联性，因此按评分标准，模型回答中的某1条故障原因能和标准回答中出现的某个故障现象产生的原因有一定关联性的条件，则先得到基础分5分；继续检查发现模型回答的第二个原因中提到了+5V电源，标准问答中未提及，因此不满足模型回答中还有其他故障原因与标准问答某个故障现象产生的原因有关联，所以不需要在基础分上加1分，通过加分运算5+0=5。继续检查，没有发现还有其他能关联的故障原因，所以不再继续加分，最终通过评分标准后检查得分为5分，评分结束，不再往下检查标准，输出得分：5分。
"故障现象：某配套GE2000系统的数控车床，在开机时由于车间突然断电，引起停机；重新开机后，系统无法起动。
","分析及处理过程经检查与测量，发现该机床GE2000系统的电源模块上的+5V电压空转时为5V（正常），但在开机后仅为2.3V，表明电源模块不良。
通过现场测绘系统电源模块的电气原理图，并根据原理图用示波器逐级测量、分析开关电源的信号波形，最终确认故障原因是由于开关电源的驱动管Q2不良引起的，更换同规格大功率管后，故障排除，机床恢复正常。",分析及处理过程：由于断电前系统正处于加工状态，系统为“通电起动”方式。经检查，该机床是由于系统准备未到位造成起动出错而死机，系统需要重新上电。由于该机床面板上的“选择性停机”按钮已非正常损坏，按该按钮已无作用；而且此按钮为负逻辑信号，若短接该按钮，系统将重新起动。,该例按评分标准3进行评分：检查评分标准，标准回答中的故障原因有电源模块不良，开关电源的驱动管Q2不良。而模型回答中的原因与标准答案中的故障原因没有相关性，因此按评分标准，模型回答中的所有故障原因都无法和标准回答中出现的某个故障现象产生的原因有关联性，则不得分，最终通过评分标准后检查得分为0分，评分结束，不再往下检查标准，输出得分：0分。
"故障现象：某配套SIEMENS880M的加工中心，机床加工过程中，显示器突然消失，再次开机后无显示。
","分析及处理过程检查系统各主要模块的指示灯状态全部正常，甚至在无显示的情况下，机床仍然能够手动移动，证明故障仅仅在系统的显示部分。
取下CRT检查，经检查发现，CRT上的高压包的一个线圈接头烧断，重新连接后故障排除，机床恢复正常。","故障检查与分析：检查系统操作面板上的系统电源模块正常，当检查至系统显示器模块6FX1009–1AB00时，发现其无+24V。根据系统原理接线图，系统+24V是经过显示器模块为系统操作面板供电的，因此故障原因在面板接口的电源模块上（系统操作面板接口模块为6FX1203-1AL00，内部无熔断器，且系统中的电源模块为原装产品，故认为无熔断器断的可能性）。
维修过程：拆开接口模块，测量模块内部的+24V输入正常，但模块内部的+24V输出不良，说明故障为模块本身。更换该模块后，系统显示恢复正常。
故障原因：系统操作面板上的电源模块不良。",该例按评分标准3进行评分：检查评分标准，标准回答中的故障原因是CRT上的高压包的一个线圈接头烧断，而模型回答中的故障原因是系统操作面板上的电源模块不良。虽然二者故障部件不同，但都是电源模块和显示器部分出问题，从更大范围来看，二者的说法具有一定关联性，因此按评分标准，模型回答中的某1条故障原因能和标准回答中出现的某个故障现象产生的原因有一定关联性的条件，则先得到基础分5分；继续检查，没有发现还有其他能关联的故障原因，所以不再继续加分，最终通过评分标准后检查得分为5分，评分结束，不再往下检查标准，输出得分：5分。
"故障现象：配套LJ–10T的数控车床，开机后CRT无显示。
","分析及处理过程：经与上例同样的检查，测量CRT作电源DC12V正常，但显示器无视频信号输入。
进一步检查发现，系统MTB板上的视频信号输出回路的一只电容器对地短路；更换后，显示恢复正常。",故障现象：配套LJ–10T的数控车床，开机后CRT无显示。,该例按评分标准3进行评分：检查评分标准，标准回答中的故障原因是系统MTB板上的视频信号输出回路的一只电容器对地短路。而模型回答中的故障现象中描述了开机后CRT无显示，与标准答案中的故障现象CRT无显示完全一致，因此按评分标准，模型回答中的某1条故障原因能和标准回答中出现的某个故障现象产生的原因有一定关联性的条件，则先得到基础分5分；继续检查发现，模型回答中并未给出故障原因，而标准答案中的故障原因是系统MTB板上的视频信号输出回路的一只电容器对地短路，因此模型回答中没有其他故障原因能和标准回答中出现的某个故障现象产生的原因有一定关联性，所以不再继续加分，最终通过评分标准后检查得分为5分，评分结束，不再往下检查标准，输出得分：5分。
"故障现象：一台卧式加工中心机床，配套FANUC6M系统，在机床较长时间未开机后，开机时出现908和911号报警。
","分析及处理过程在FANUC6中，当出现系统报警ALM908、ALM911时，说明磁泡存储器故障和RAM奇偶出错。通过对磁泡存储器的初始化操作进行清除，故障仍然无法消除：然后采用替换法，确认磁泡存储器与主控制板都存在故障。更换磁泡存储器板与

主板后经上例同样的操作，故障排除，机床恢复正常。
分析本机床造成损坏的原因，可能是该加工中心处于湿度较大的地区，CNC系统电柜内部很多地方已经锈蚀，机床又未能经常、及时进行去除潮湿处理，从而引起了主板、存储器板的损坏。",分析及处理过程：FANUC6M系统出现ALM908“速度传感器电压范围不合适”的含义同第1例；出现ALM911号故障的原因则同上例。由维修过程可知，在本机床上是由于信号电缆插头松动引起，重新接插插头后，系统恢复正常工作。,该例按评分标准3进行评分：检查评分标准，标准回答中的故障原因有磁泡存储器故障和RAM奇偶出错，主板、存储器板损坏，湿度较大地区，CNC系统电柜内部很多地方已经锈蚀，机床未能经常、及时进行去除潮湿处理。而模型回答中的故障原因有ALM908“速度传感器电压范围不合适”，ALM911号故障，信号电缆插头松动。通过对比发现，模型回答中的原因并没有和标准回答中的原因相关联，因此基础分5分拿不到。最终通过评分标准后检查得分为0分，评分结束，不再往下检查标准，输出得分：0分。
"故障现象：某配套FANUCOTD的数控车床（二手设备），在强电线路维修完成，更换电池单元电池，系统电源正常后，开机显示器显示乱码。
","分析及处理过程由于本机床为二手设备，机床已经长常时间没有使用，维修时电池单元电池已经完全失效，估计系统内部RAM数据己经出错。因此，必须对系统RAM进行初始化处理。
同时按住系统操作面板的“DELETE”与“RESET”键，接通系统电源，对系统的参数、用户程序存储器进行总清，系统显示报警页面。继续操作系统面板上的其他功能键，系统页面显示恢复正常。",分析及处理过程：出现这种情况，一般原因有两个：一是系统电源故障；二是显示单元故障。首先检查系统24Vdc±12V，确认正常工作；其次检查系统显示单元，发现其显示管的一个脚被焊锡连到管座上，造成显示单元损坏。经更换显示单元，系统工作正常。,该例按评分标准2进行评分：检查标准：由于最终原因是系统电源故障和显示单元故障，而模型回答中的故障原因有1.系统电源故障；2.显示单元故障。两者和最终故障原因一致，因此判断结果为正确，判断到此结束，最后输出判断结果：正确。由于判断正确，评分结束，不再往下检查标准，虽然匹配最终故障原因，但给出的解决方案未匹配，因此需要扣1分，输出得分：9分。
"故障现象：配套SIEMENS8M的进口加工中心，开机后系统无显示，机床无法正常开
机。
","分析及处理过程：检查系统各控制模块的状态指示灯，发现NC–CPU模块（MS100）
上的!/C与S报警灯亮，操作面板上的“FAULT”指示灯亮，表明系统硬件故障。
SIEMENS8M系统NC–CPU模块（MS100）上的!/C与S报警灯亮，通常与系统的位置测量模块（MS250）有关。维修时，通过互换法确认了以上判断。
取下该模块检查发现，其中的集成电路D186（74LS245）不良，更换同型号的集成电

路后，系统恢复正常工作。","   分析及处理过程：根据系统状态参数显示，发现系统显示被抑制，故障与8128位置编码器故
障有关。检查发现，主轴位置编码器的一根信号线虚焊，处理后系统重新上电，机
床恢复正常工作。",该例按评分标准3进行评分：检查评分标准，标准回答中的故障原因是位置测量模块（MS250）中的集成电路D186（74LS245）不良，而模型回答中的故障原因是8128位置编码器故障。虽然两个回答中提到的故障部件不同，但都是关于位置测量相关的问题，因此可以认为模型回答中的故障原因与标准回答中出现的故障现象产生的原因有一定关联性，因此按照评分标准，模型回答中的某1条故障原因能和标准回答中出现的某个故障现象产生的原因有一定关联性的条件，则先得到基础分5分；继续检查发现，模型回答中并没有提到其他的故障原因，因此也不再进行加分，最终通过评分标准后检查得分为5分，评分结束，不再往下检查标准，输出得分：5分。
"故障现象：某配套SIEMENS3M的立式加工中心，在使用过程中经常无规律地出现“死机”、系统无法正常起动等故障。机床故障后，进行重新开机，有时即可以正常起动，有时需要等待较长的时间才能起动机床；机床在正常起动后，又可以恢复正常工作。
","分析及处理过程由于该机床只要在正常起动后，即可以正常工作；且正常工作的时间不定，有时可以连续进行数天，甚至数周的正常加工；有时却只能工作数小时，甚至几十分钟，故障随机性大，无任何规律可寻，此类故障属于比较典型的“软故障”。
鉴于机床在正常工作期间，所有的动作、加工精度都满足要求，而且有时可以连续工作较长时间，因此，可以初步判断数控系统本身的组成模块、软件、硬件均无损坏，发生故障的原因主要来自系统外部的电磁干扰或外部电源干扰等。

一般来说，数控系统、机床、车间的接地系统的不良；系统的电缆屏蔽连接的不正确；电缆的布置、安装的不合理；系统各模块的安装、连接、固定的不可靠等因数是产生“软故障”的主要原因。维修“软故障”时，应主要针对以上各方面进行必要的检查与诊断。在排除了以上基础工作缺陷造成“软故障”的原因后，维修时应重点针对系统的电源输入回路与外部电源进行。
根据以上分析，维修时首先对数控系统、机床、车间的接地系统进行了认真的检查，纠正了部分接地不良点；对系统的电缆屏蔽连接，电缆的布置、安装进行了整理、归类；对系统各模块的安装、连接进行了重新检查与固定等基础性的处理。
经过以上处理后，机床在当时经多次试验，均可以正常起动。但由于该机床的故障随机性大，产生故障的真正原因并未得到确认，维修时的试验并不能完全代表故障已经被彻底解决，有待于作长时间的运行试验加以验证。
实际机床在运行了较长时间后，经操作者反映，故障的发生频率较原来有所降低，但",分析过程：分析及处理过程故障分析过程同上例，故障属于“软故障”；故障的原因主要来自系统内部及外部的干扰，重点检查电源部分的波动、系统屏蔽是否良好、系统是否可靠接地、抗干扰器件的参数配置是否合理及是否可靠供电及连线、CPU的可靠性、系统软件的版本是否合适等等。,该例按评分标准2进行评分：检查标准：由于最终原因是外部电源干扰或系统内部及外部的干扰，而模型回答中的故障原因有系统内部及外部的干扰，二者基本一致，因此判断结果为正确，判断到此结束，最后输出判断结果：正确。由于判断正确，评分结束，不再往下检查标准，虽然匹配最终故障原因，但给出的解决方案未匹配，因此需要扣1分，输出得分：9分。
"故障现象：某配套FANUC0TC的进口数控车床，开机后，CNC显示“NOTREADY”，伺服驱动器无法起动。
","分析及处理过程：由机床的电气原理图，可以查得该机床急停输入信号包括紧急按

钮、机床X/Z轴的“超程保护”开关以及中间继电器KA10的常开触点等。
检查急停按钮、“超程保护”开关均已满足条件，但中间继电器KA10未吸合。
进一步检查KA10线圈，发现该信号由内部PLC控制，对应的PLC输出信号为Y53.
1。
根据以上情况，通过PLC程序检查Y53.1的逻辑条件，确认故障是由于机床主轴驱
动器报警引起的。
通过排除主轴报警，确认Y53.1输出为“1”，在KA10吸合后，再次起动机床，故障清除，机床恢复正常工作。",分析及处理过程：经检查发现X轴超程限位开关断开，故障原因同上例。,该例按评分标准3进行评分：检查评分标准，标准回答中的故障原因有中间继电器KA10未吸合，是由于机床主轴驱动器报警引起的。而模型回答中的故障原因提到了X轴超程限位开关断开，这一原因与标准回答中出现的故障现象产生的原因没有关联性，因此按评分标准，模型回答中的某1条故障原因并未和标准回答中出现的某个故障现象产生的原因有一定关联性，则得不到基础分5分；因为未得到基础分，所以不再进行加分运算，最终通过评分标准后检查得分为0分，评分结束，不再往下检查标准，输出得分：0分。
"故障现象：某配套FANUC0MC的进口“立卧复合”加工中心，开机后CNC显示“NOTREADY”，伺服驱动器无法起动。
","分析及处理过程：故障分析过程同上例，对照机床电气原理图及PLC程序检查，发现机床“急停”信号已被输入。
进一步分析、检查发现，引起故障的原因是“立卧转换头”未到位，导致了机床“急停”。检查实际机床的情况，立/卧转换头位置正确，但转换到位信号为“0”，检查后确认，故障原因是因为到位检测无触点开关损坏。
更换无触点开关后，机床恢复正常工作。","分析及处理过程：经检查系统、主轴、刀库的起动按钮X31.27均无问题，说明故障是由于X31.4引起的。
进一步观察发现机床面板的“手动急停”按钮断线，重新连接，故障排除。
根据以上实例，维修人员应引起注意。",该例按评分标准3进行评分：检查评分标准，标准回答中的故障原因是“立卧转换头”未到位，到位检测无触点开关损坏。而模型回答中的原因是“手动急停”按钮断线，虽然二者故障原因不同，但都是由于机床操作不当或者操作过程中按钮损坏导致的，从故障发生的环境来看，二者的说法具有一定关联性，因此按评分标准，模型回答中的故障原因能和标准回答中出现的某个故障现象产生的原因有一定关联性的条件，则先得到基础分5分；继续检查发现没有其他能关联的故障原因，所以不再继续加分，最终通过评分标准后检查得分为5分，评分结束，不再往下检查标准，输出得分：5分。
"故障现象：某配套SIEMENS802D的立式加工中心，开机后显示“ALM3000”机床无法正常起动。
","分析及处理过程：经初步检查，机床工作台均处在正常位置（未超程）、所有急停开关均已复位，且机床外部I/O输入对应的信号触点已接通。根据以上情况，可以认为机床急停的原因与机床的状态无关。
通过诊断页面检查，发现PLC的全部机床输入信号均为“0”状态，因此初步判断故障原因在I/O信号的输入信号的公共电源回路上。
打开电气柜后检查发现，该机床的DC24V断路器已跳闸，进一步测量24V输出未短路，合上断路器后，机床工作恢复正常。","分析及处理过程：本故障是由于驱动器506#报警引起的，经检查发现为编码器损坏，进行更换后故障排除。
",该例按评分标准3进行评分：检查评分标准，标准回答中的故障原因是I/O信号的输入信号的公共电源回路上的DC24V断路器跳闸。而模型回答中的故障原因是编码器损坏，与标准答案中的DC24V断路器跳闸没有关联性，由此可知二者不存在关联性，因此按评分标准，模型回答中的所有故障原因都无法和标准回答中出现的某个故障现象产生的原因有关联性的条件，则无法得到基础分5分。根据评分标准，若未得到基础分5分，评分结束，则得0分，不再往下检查标准，输出得分：0分。
"故障现象：某配套SIEMENS802S的数控车床，手动操作时Z轴显示正常，但坐标轴没有运动。
","分析及处理过程：与上述例于类似，观察发现Z轴步进电动机与丝杆没有转动，但Z轴电动机发热，且有明显的励磁。为了进一步判别，松开了电动机与丝杆的联接，再移动Z轴，发现Z轴电动机可以正常转动。

但手动转动丝杆发现阻力很大，故确认故障原因在机械部分，经进一步检查发现，该机床的导轨防护罩卡死，使坐标轴无法正常移动，导致步进电动机失步。修复防护罩后，机床恢复正常。","分析及处理过程：经检查，该轴的伺服电动机正常旋转，但螺母（该机床为蜗杆驱动的丝杠）不运动。
根据现象，确认故障原因可能为联轴器松动或脱落引起的。
拆开前盖，发现该轴联轴器安装时就是虚的，经重新装校螺套与联轴器并固定后，机床恢复正常。
从维修角度来看，本故障属机械传动不良引起，故首先应注意检查连接、传动装置的松动，包括联轴器、套筒、间隙、预行程以及相关机械部件等。
故障现象：某配套FANUCOiA的数控铣床，手动操作时，X轴运动正常，但显示不变化。
分析及处理过程：经检查，该机床X轴位置编码器正常，经测量确认，发现系统软件有错，导致显示不变化。
重新设定系统机床参数34829号（原为’O’，改为’l’），机床显示正常。",该例按评分标准3进行评分：检查评分标准，标准回答中的故障原因是导轨防护罩卡死，使坐标轴无法正常移动，导致步进电动机失步。而模型回答中的故障原因是联轴器松动或脱落引起的，伺服电动机正常旋转，但是螺母不运动。两个回答中的故障原因并不相关，模型回答没有提到标准回答中的故障原因，所以按评分标准，模型回答中的故障原因与标准回答中的故障现象产生的原因没有关联性，则得0分，评分结束，不再往下检查标准，输出得分：0分。
"故障现象：某配套GSK980M的数控铣床，在操作过程中发现，机床的X轴实际运动方向无故与原机床的运动方向相反。
","分析及处理过程：在大多数数控系统中，坐标轴的运动方向的改变可以通过同时改变伺服电动机的电枢接线与交换脉冲编码器的A、B、及*A、*B相输出来实现；部分系统中，还可以通过改变数控系统的机床参数来实现。但是，这样的改变通常需要由维修者进行，一般操作人员不太可能进行以上修改。
因此，分析产生以上故障的原因，应可能是在正常的操作下操作者有可能进行的改变。考虑到GSK980M系统，可以通过设置页面，直接将X轴工作于镜象方式，它是造成

坐标轴反向的原因之一。经检查发现，引起的原因确是操作者将系统设置页面中的X
轴镜象设为“开”的状态。重新设置后，机床即恢复正常。例139.KND100T系统进给倍率开关无效的故障维修
",分析及处理过程：通过进一步查故障说明书，发现在系统内部参数中，有一条设定X轴的正方向标志位，其默认值设定正确，不能随意更改。因此判断为系统参数有误，X轴正方向标志位设定错误导致。将系统参数重新设定后，机床X轴运动方向恢复正常。,该例按评分标准1进行评分：检查标准：由于标准回答中给出的解决方案是重新设置后，机床即恢复正常，而模型回答中的解决方案是将系统参数重新设定后，机床X轴运动方向恢复正常，两者基本一致，因此判断结果为正确，判断到此结束，最后输出判断结果：正确。由于判断正确，评分结束，不再往下检查标准，输出得分：10分。
"故障现象：某配套kND100T的数控车床，在机床开机后，发现手轮无效，但机床无任何报警号。
","分析及处理过程：经现场分析，发现机床在其他手动、自动、MDI方式下均能正常工作。因此，引起故障可能的原因如下：
€机床手轮不良，手轮信号无输入。
""系统参数被修改，导致手轮功能无效。
由于在KND100T中，手轮为选择功能，它决定于系统选择功能参数的设定，其选择参数为PRM001bit3＝“1”。经检查发现，该机床参数已经被修改；恢复该参数的设定后，手轮工作恢复正常。",分析及处理过程：因为该机床进给系统采用了全闭环控制，手轮控制信号需要经过光栅尺放大后，才能作用于伺服进给系统。考虑到故障是在系统通电后就出现的，因此首先检查了光栅尺和放大板。经过测量发现，光栅尺放大板上供电的两个桥式整流电阻为短路，造成无放大板无正常工作电源。更换两个桥式整流器后，故障排除，系统恢复正常。,该例按评分标准3进行评分：检查评分标准，标准回答中的故障原因有手轮不良，系统参数被修改，而模型回答中的故障原因是光栅尺放大板上供电的两个桥式整流电阻为短路，造成无放大板无正常工作电源，与标准答案中的故障原因差别很大，没有找到与标准答案中故障原因有一定关联性的条件，因此基础分5分无法获得，所以最终得分为0分，评分结束，不再往下检查标准，输出得分：0分。
"故障现象：某配套FANUC0系统的数控机床，回参考点动作正常，但参考点位置随机性大，每次定位都有不同的值。
","分析及处理过程：由于机床回参考点动作正常，证明机床回参考点功能有效。进一步检查发现，参考点位置虽然每次都在变化，但却总是处在参考点减速挡块放开后的位置上。因此，可以初步判定故障的原因是由于脉冲编码器“零脉冲”不良或丝杠与电动机间的联接不良引起的故障。
为确认问题的原因，鉴于故障机床伺服系统为半闭环结构，维修时脱开了电动机与丝杆间的联轴器，并通过手动压参考点减速挡块，进行回参考点试验；多次试验发现，每次回参考点完成后，电动机总是停在某一固定的角度上。
以上证明，脉冲编码器“零脉冲”无故障，问题的原因应在电动机与丝杠的联接上。仔细检查发现，该故障是由于丝杆与联轴器间的弹性胀套配合间隙过大，产生联接松动；修整胀套，重新安装后机床恢复正常。",分析与处理：经检查，参数的设定、位置减速挡块安装等设置都正确无误，位置控制信号也很好。用系统诊断功能诊断确认问题在编码器：该编码器无基准Z信号输出（该系统采用增量编码器）。分析可能是编码器本身不良，或编码器信号电缆不良。检查发现编码器电缆线的屏蔽没有做良好，没有起到屏蔽干扰的作用，使得噪声干扰窜入系统控制信号中，造成位置控制不稳、随机性较大的现象。处理后故障排除。,该例按评分标准3进行评分：检查评分标准，标准回答中的故障原因有脉冲编码器“零脉冲”不良或丝杠与电动机间的联接不良，而模型回答中的故障原因有编码器本身不良，编码器信号电缆不良和屏蔽没有做良好，噪声干扰窜入系统控制信号中。经过对比发现，虽然标准答案和模型回答中故障原因表述不同，但是从故障范围和现象来看，编码器本身不良或编码器信号电缆不良可以解释编码器“零脉冲”不良，而噪声干扰窜入系统控制信号中可以解释位置控制不稳、随机性较大的现象，因此按评分标准，模型回答中的某1条故障原因能和标准回答中出现的某个故障现象产生的原因有一定关联性的条件，则先得到基础分5分；继续检查发现模型回答的第二个原因中提到了编码器信号电缆不良，标准问答中是丝杠与电动机间的联接不良，虽然故障部件不同，但是二者的故障原因都是编码器不良导致的，从更大范围来说二者的说法具有一定关联性，因此按评分标准，模型回答中还有1个故障原因与标准问答某个故障现象产生的原因有关联，所以需要在基础分上加1分，通过加分运算5+1=6。继续检查，没有发现还有其他能关联的故障原因，所以不再继续加分，最终通过评分标准后检查得分为6分，评分结束，不再往下检查标准，输出得分：6分。
"故障现象：某配套FANUC11M系统的卧式加工中心，在X轴回参考点时，
CNC显示PS200报警。
","分析及处理过程：机床同前，检查该机床回参考点减速动作正确，系统与回参考点有关的全部参数设定无误，初步判定故障是由于“零脉冲”不良引起的。
由于机床使用了Heidenhain光栅，通过更换EXE601前置放大器，故障仍然不变，由此确认故障是由于光栅尺不良引起的。
拆下光栅尺检查，发现该光栅尺由于使用时间较长，内部光栅尺己被污染，重新清洗处理，经测试确认光栅输出信号恢复后，重新安装光栅尺，故障排除，机床恢复正常。","分析及处理过程：检查该机床回参考点减速动作正确，系统与回参考点有关的全部参数设定无误，因此，初步判定故障是由于“零脉冲”不良引起的。
分析实际机床，该机床采用的是全闭环结构，测量系统使用的是Heidenhain公司生产的光栅尺。为了尽快确定故障部位，维修时将X、Y的光栅尺前置放大器（EXE601）进行了互换。开机试验，X轴回参考点正常，由此确认故障是由于光栅尺前置放大器EXE601不良引起的；拆下EXE601进行修复后，机床恢复正常工作（有关Heidenhain光栅尺的原理与维修，可以参见本书第6章第6.4.5节的有关内容）。",该例按评分标准3进行评分：检查评分标准，标准回答中的故障原因有光栅尺不良，光栅尺内部光栅尺被污染。而模型回答中的第二个原因：光栅尺前置放大器EXE601不良，与标准答案中的光栅尺不良有关联，因为虽然模型回答中没有明确提到光栅尺内部光栅尺被污染，但也未随便给出一个和标准回答不同的错误原因，而且从故障范围来看，前者的范围包含了后者，由此可知二者存在关联性，因此按评分标准，模型回答中的某1条故障原因能和标准回答中出现的某个故障现象产生的原因有一定关联性的条件，则先得到基础分5分；继续检查发现模型回答的第二个原因中提到了光栅尺前置放大器EXE601不良，标准问答中是光栅尺不良，虽然故障的具体部件不同，但是二者都提到了是光栅尺这一部分发生问题，从更大范围来说二者的说法具有一定关联性，因此按评分标准，模型回答中还有1个故障原因与标准问答某个故障现象产生的原因有关联，所以需要在基础分上加1分，通过加分运算5+1=6。继续检查，没有发现还有其他能关联的故障原因，所以不再继续加分，最终通过评分标准后检查得分为6分，评分结束，不再往下检查标准，输出得分：6分。
"故障现象：某配套YSKA＝J50M系统的加工中心，在机床重新调整后，执行回参考点动作时，系统出现ALM231、232、233报警。
","分析及处理过程：YASKA＝J50M系统出现ALM231、232、233报警的含义是参考点返回区域错误，此报警一般与系统的参数设定有关。
在现场了解机床的调整情况后，得知机床调整时为了改变参考点位置，对系统参数#6304~#6307、#6480~#6483进行了调整。检查以上参数实际设定，发现#6304~#6307被设定为“0”，引起了以上故障。
重新设定系统参数#6304~#6307为1000后，通过改变其他参数调整机床参考点，机床报警消失，恢复正常工作。","分析过程：ALM231、232、233报警的含义是：“X、Y、Z轴检测器过负载”。
经检查发现X、Y、Z轴编码器信号不良，根据维修要求，重新更换编码器后，故障排除。",该例按评分标准3进行评分：检查评分标准，标准回答中的故障原因是系统参数#6304~#6307被设定为“0”，而模型回答中的故障原因是X、Y、Z轴编码器信号不良，二者并没有关联性，因此按评分标准，模型回答中的故障原因没能和标准回答中出现的某个故障现象产生的原因有一定关联性的条件，所以得不到基础分5分；因为没有得到基础分，所以不需要进行加分运算，最终通过评分标准后检查得分为0分，评分结束，不再往下检查标准，输出得分：0分。
"故障现象：某配套FANUC0T系统的数控车床，在自动加工时，按下“循环起动”键，程序中的M、S、T指令正常执行，但运动指令不执行。
","分析及处理过程：分析故障原因。由于程序中的M、S、T指令正常执行，机床手动、回参考点工作正常，证明系统、”驱动器工作均正常。引起运动指令不执行的原因一般有以下几种：
€系统的“进给保持”信号生效。""轴的“进给倍率”为零。
€坐标轴的“互锁”信号生效。

经检查，本机床的“进给保持”信号、“进给倍率”均正确，因此产生问题的原因与坐标轴的“互锁”信号有关。通过诊断功能，检查系统坐标轴的“互锁”信号，发现此信号为“0”。
进一步检查机床的PLC程序设计，发现引起坐标轴“互锁”的原因是刀架不到位；重新调整刀架位置后，机床恢复正常。","分析及处理过程：
由于M、S、T等辅助指令能执行，说明编程G指令不执行的原因应该不是系统本身故障；仔细检查后，发现该机床上加装了轴向移动的快速接头装置。
重新装好接头，定位好工具原点后，系统重新定位参考点，并重新对系统各诊断页面进行检查确认后，系统运行恢复正常。

故障现象: 故障现象：一刚性攻丝的数控车床，在执行刚性攻丝程序段时，出现主轴定位不准确的故障，造成攻丝深度误差过大。
分析过程: 分析及处理过程：经检查确认发现，该机床主轴位置编码器为光电码盘主轴位置编码器，故障是由于编码器的相位不正确引起的。

经询问厂家，在出厂时仅对其编码器进行了校正，但没有进行必要的编码器相位记录，重新校正后，主轴定位精度恢复正常。",该例按评分标准3进行评分：检查评分标准，标准回答中的故障原因有进给保持信号生效，进给倍率为零，坐标轴的互锁信号生效。而模型回答中的第一个原因：编程G指令不执行的原因应该不是系统本身故障与标准答案中进给保持信号生效，进给倍率为零，坐标轴的互锁信号生效这三种故障原因没有关联性，因此未得到基础分5分，评分结束，得0分。
"故障现象：某配套FANUC0–TD系统的数控车床，车削外圆时加工表面粗糙，机床进给运动存在爬行现象。
","分析及处理过程：引起数控机床进给爬行的原因很多，机械传动系统的安装、调整不良，导轨润滑不良，系统、驱动器的参数设定不当都可能引起进给爬行。
检查本机床的机械传动系统，导轨润滑系统，以及数控系统、驱动器的参数设定均正确，手动转动X、Z轴的丝杠，转动轻松，可以排除机械部分的故障原因。而且机床在手动任意速度运动坐标轴时，进给平稳、无爬行，因此亦可以排除数控系统、驱动器参数设定不当的故障原因。
根据以上判断，可以确认故障仅存在于机床的自动运行中，分析自动与手动运动的区别，两者只是进给速度的指令方式有所不同，因此可以基本确定故障与机床的送给速度指令方式有关。
进一步检查CNC设定，发现该机床默认的是主轴每转送给方式，程序中亦采用G99
（每转进给）编程。在这种进给方式下，进给速度与主轴的位置检测系统有关，当主轴位置检测输入信号不良时，容易引起进给运动的爬行。
为了验证，将程序中的进给方式改变为每分进给指令（G98），经试验发现进给爬行现象消失，加工零件合格。由此确认故障是由于主轴编码器不良引起的；更换编码器后，机床恢复正常工作。
2.SIEMENS系统故障维修18例",分析及处理过程：因机床进给运动存在爬行，导致加工表面粗糙度达不到要求。检查发现X轴、Z轴承座的固定螺钉松动，进一步检查间隙正常。发现故障时系统的增益参数设定不合理，增益设定不当导致机床爬行，经重新设定系统参数#1412=1，#1415=4，#1434=3，爬行现象消失，加工表面光洁度达到要求。,该例按评分标准3进行评分：检查评分标准，标准回答中的故障原因是主轴编码器不良，而模型回答中的故障原因是系统的增益参数设定不合理，增益设定不当。二者不存在关联性，因此模型回答未得到基础分5分，评分结束，则得0分，不再往下检查标准，输出得分：0分。
"故障现象：某配套FAGOR8050系统的龙门加工中心，开机后，PLC的输出信号时有时无，在按下某些带灯的键后，系统出现死机。
",分析及处理过程：针对,分析及处理过程：经检测，发现本例系机床24V电源存在直流尖峰，该电压尖峰导致系统存储器模块的总线控制芯片SC82989损坏。系统其他模块外观无明显烧痕，但存在因快速过压造成的隐性破坏。,该例按评分标准2进行评分：检查标准：由于最终原因是直流尖峰导致系统存储器模块的总线控制芯片SC82989损坏，而模型回答中的故障原因与之完全一致，因此判断结果为正确，判断到此结束，最后输出判断结果：正确。由于判断正确，评分结束，不再往下检查标准，虽然匹配最终故障原因，但给出的解决方案未匹配，因此需要扣1分，输出得分：9分。
"故障现象：某配套YASKA)J50M的加工中心，在机床加工时，发现全圆切削加工指
令G12/G13不起作用。
","分析及处理过程：由于机床其他功能正常，G12/G13在YASKA)J50M系统中为选择功能，初步判定故障是由于系统选择功能未生效引起的。
设定系统参数#6037bit3＝1，开放系统全圆切削加工指令G12/G13的选择功能；机床指令执行正常，故障排除。","分析及处理过程：由于系统其他功能正常，且全圆切削加工指令G12/G13为系统选件功能，于是断定故障是由于系统选件功能未生效而引起的。通过设置系统参数来使
用圆切削指令功能，则机床指令执行正常，故障排除。",该例按评分标准1进行评分：检查标准：由于标准回答中给出的解决方案是设定系统参数#6037bit3＝1，开放系统全圆切削加工指令G12/G13的选择功能，而模型回答中的解决方案是通过设置系统参数来使用圆切削指令功能，两者完全一致，因此判断结果为正确，判断到此结束，最后输出判断结果：正确。由于判断正确，评分结束，不再往下检查标准，输出得分：10分。
"故障现象：一台配套FANUC6ME系统的加工中心，由于伺服电动机损伤，在更换了X轴伺服电动机后，机床一接通电源，X轴电动机即高速转动，CNC发生ALM410报警并停机。
","分析及处理过程：机床一接通电源，X轴电动机即高速转动，CNC发生ALM410报警并停机的故障，在机床厂第一次开机调试时经常遇到，根据维修经验，故障原因通常是由于伺服电动机的电枢或测速反馈极性接反引起的。
考虑到本机床X轴电动机己经进行过维修，实际存在测速发电机极性接反的可能性，维修时将电动机与机械传动系统的连接脱开后（防止电动机冲击对传动系统带来的

损伤），直接调换了测速发电机极性，通电后试验，机床恢复正常。","故障原因：故障原因：通过维修人员的检查发现，电动机的电枢线极性接反。
维修方法：维修方法：维修时在电动机与机械传动系统脱开后，根据系统原理图调换了电动机电枢线，开机后系统恢复正常。
故障现象: 故障现象：一台配套FANUC16系统的卧式加工中心，开机后CNC
部出现ALM41（0Z
轴）报警，机床无法正常起动。
分析过程: 分析及处理过程：FANU16系统出现ALM410的含义是“轴停止时的任意跟随误差超差”。导致系统出现该报警的原因较多，如电动机电极相序不正确，编码器连接不良等。
在本机床上，由于故障前机床工作正常，因此可以基本排除电动机相序的原因，检
查驱动器与电动机的连接均正确无误，插头固定良好，排除了连接上可能产生的报警原因。
进一步观察机床的实际运行状态，发现Z轴电动机实际运行时并无异常现象。
分析可能是检测环节不良，导致给CNC系统错误的反馈信息，检查系统实际工作位置是否与实际位置相一致，检查CNC的495模块的输入、输出通道，结果都正常。
最后发现，当系统接通
电源启动时，若驱动器在自检过程中出现问题（如：参数不良导致自检不过），系统
也会报警。
而通过调整系统的各
项参数，系统就有可能工作。
因
此，可以初步判定系统的故障原因是由于驱动器自检出错引起。
分析原因可能是驱动器内部某些参数的设定不当。
维修方法：维修方法：维修时通过反复试验、调整系统
的参数，系统可以正常工作。",该例按评分标准2进行评分：检查标准：由于最终原因是电动机的电枢线极性接反，而模型回答中的故障原因有电动机的电枢线极性接反，两者完全一致，因此判断结果为正确，判断到此结束，最后输出判断结果：正确。由于判断正确，评分结束，不再往下检查标准，虽然匹配最终故障原因，但给出的解决方案未匹配，因此需要扣1分，输出得分：9分。
"故障现象：一台配套FANUC6ME的加工中，在加工过程中，突然停机，CRT显＝ALM401、410、411、420、421、430、431号报警。
","分析及处理过程：FANUC6ME系统CRT上显示以上冬报警的含义是：
ALM40：X、Y、Z等进给轴驱动器的速度控制准备信号（VRDY信号）为“OFF”状态，即：伺服驱动系统没有准备好。
ALM410、420、430：X轴、Y轴和Z轴停止时的位置偏差过大。
ALM411、421、431：X轴、Y轴和Z轴移动时位置偏差过大。

根据FANUC6M系统的维修说明书，发生以上报警号的原因较多，且都与位置控制、伺服驱动器有关。实际分析，在一般情况下，系统同时发生X轴、Y轴和Z轴伺服驱动器损坏的可能性较小，故而故障应与速度控制单元的公共部分有关。
通过检查速度控制单元的主回路电源、辅助电源等公共部分，发现伺服变压器的进线电源熔断器的其中两相已熔断。
测量伺服变压器一次（侧）进线，确认变压器柜内部存在短路。打开伺服变压器柜检查发现，伺服变压器进线的电线绝缘破损，造成了电源短路。在重新连接后，确认伺服驱动器无短路，重新开机，故障排除，机床恢复正常。","分析过程：FANUC6M系统CRT上显示以上报警的含义及分析过程同前初步判定故障发生在速度控制单元的公共部分。

检查伺服驱动器电源、速度控制单元辅助电源等公共部分，未发现伺服驱动系统存在不良。考虑到在一般情况下，同时发生X轴、Y轴、Z轴伺服驱动器损坏的可能性较小，因此维修时检查了伺服系统的参数设定。经检查发现该机床的部分参数存在不同程度上的错误。在故障原因不明的情况下，根据机床原出厂数，首先对参数进行了恢复，重新开机后，故障清除，机床恢复正常工作。

为了保证加工精度，又对机床的间隙、螺距等参数进行了重新测量与补偿，机床的精度得到了恢复，机床工作完全正常。",该例按评分标准3进行评分：检查评分标准，标准回答中的故障原因有伺服变压器的进线电源熔断器的其中两相已熔断，伺服变压器进线的电线绝缘破损，造成了电源短路。而模型回答中的原因：初步判定故障发生在速度控制单元的公共部分；检查伺服驱动器电源、速度控制单元辅助电源等公共部分，未发现伺服驱动系统存在不良；维修时检查了伺服系统的参数设定。经检查发现该机床的部分参数存在不同程度上的错误。在故障原因不明的情况下，根据机床原出厂数，首先对参数进行了恢复，重新开机后，故障清除，机床恢复正常工作。并未与标准回答中出现的原因有一定关联性，因此按评分标准，模型回答中的所有故障原因都无法和标准回答中出现的某个故障现象产生的原因有一定关联性，则不得分，输出得分：0分。
"故障现象：一台配套FANUC6M系统的立式加工中心，在开机后，系统显示ALM401
报警。
","分析及处理过程；FANUC6M系统出现ALM401的原因同前述。经检查X轴速度控制单元的报警指示灯LVAL亮，表明速度控制单元存在电源电压过低报警。
根据LVAL报警可能的原因，首先检查驱动器的AC18V输入，测量表明，输入电压正确。进一步检查辅助电源熔断器F8/F9正常，表明辅助电源回路无短路。
对照FANUC直流伺服单元原理图，开机后测量驱动器辅助电源控制电压，发现驱动器DC15V为“0”，表为15V辅助电源故障。逐级测量15V辅助电源回路各元器件，最

终发现驱动器的DC15V集成稳压器件Q1（17815）损坏。
更换同规格集成电路后，测量15V正常，LVAL亮灭，机床报警消失，故障排除。例215~例216.测速发电机引起的位置跟随误差报警的故障维修","分析及处理过程：ALM401报警的原因，除系统内部原因外，在配套系统上，主要与控制电动机过载有关。
维修时，先检查Y轴伺服电动机的电枢线，并确定电枢线良好，为了确认驱动器本身的原因，维修过程中先取下Y轴的伺服插头断开连接。重新开机，系统重新搜索系统参数，并设定S23断开，系统进入报警。然后测量检测端
CH12OCH14，在系统重新搜索系统参数完成后，该端应有一负脉冲，但测量并未发现负
脉冲，由此判定驱动器本身原因，并确认驱动器不能正常输出脉冲信号。
为了确认驱动器的
输出脉冲，维修中用另一台相同系统中好的Y轴驱动器换上，再次开机测量确认，当脉冲
搜索完成后，驱动器确实正常输出了负脉冲，由此证明原驱动器性能不良。更换Y轴驱动器后，机床恢复正常。",该例按评分标准3进行评分：检查评分标准，标准回答中的故障原因有：LVAL亮，辅助电源熔断器F8/F9正常，Q1（17815）损坏。而模型回答中的故障原因有：电枢线良好，驱动器本身原因，驱动器不能正常输出脉冲信号，原驱动器性能不良。并未找到与标准答案中故障原因相关联的故障原因，所以没有得到基础分5分，评分结束，因此得分为0分。
"故障现象：一台配套FANUC7M系统的加工中心，进给加工过程中，发现Y
轴有振动现象。
","分析及处理过程：加工过程中坐标轴出现振动、爬行现象与多种原因有关，故障可能是机械传动系统的原因，亦可能是伺服进给系统的调整与设定不当等等。
为了判定故障原因，将机床操作方式置于手动方式，用手摇脉冲发生器控制Y轴进给，发现Y轴仍有振动现象。在此方式下，通过较长时间的移动后，Y轴速度单元上OVC报警灯亮。证明Y轴伺服驱动器发生了过电流报警，根据以上现象，分析可能的原因如下：
l）电动机负载过重。2）机械传动系统不良。
3）位置环增益过高。
4）伺服电动机不良，等等。
维修时通过互换法，确认故障原因出在直流伺服电动机上。卸下Y轴电动机，经检查发现6个电刷中有2个的弹簧己经烧断，造成了电枢电流不平衡，使电动机输出转矩不平衡。另外，发现电动机的轴承亦有损坏，故而引起Y轴的振动与过电流。
更换电动机轴承与电刷后，机床恢复正常。","分析及处理过程：由于Z
轴主轴电机更换过，更换后即出现振动，因此，怀疑故障可能与主轴有关。分析认为，主轴电机更换中，主轴编码器脉冲错误，造成螺距误差，引起振动。经检查，证明
",该例按评分标准3进行评分：检查评分标准，标准回答中的故障原因有电动机负载过重，机械传动系统不良，位置环增益过高，伺服电动机不良。而模型回答中的故障原因有主轴编码器脉冲错误，造成螺距误差，引起振动，但是主轴编码器脉冲错误与标准答案中出现的故障原因没有关联性，因此模型回答未得到基础分5分，评分结束，得分：0分。
"故障现象：某采用FANUCOT数控系统的数控车床，开机后，只要Z轴一移动，就出现剧烈振荡，CNC无报警，机床无法正常工作。
","分析及处理过程：经仔细观察、检查，发现该机床的Z轴在小范围（约2.5mm以内）移动时，工作正常，运动平稳无振动；但一旦超过以上荒围，机床即发生激烈振动。
根据这一现象分析，系统的位置控制部分以及伺服驱动器本身应无故障。初步判定故障在位置检测器件，即脉冲编码器上。
考虑到机床为半闭环结构，维修时通过更换电动机进行了确认，判定故障原因是由于脉冲编码器的不良引起的。
为了深入了解引起故障的根本原因，维修时作了以下分析与试验：
1）在伺服驱动器主回路断电的情况下，手动转动电动机轴，检查系统显示，发现无论电动机正转、反转，系统显示器上部能够正确显示实际位置值，表明位置编码器的A、B、“A、*B信号输出正确。
2）由于本机床Z轴丝杠螺距为5mm，只要Z轴移动2mm左右即发生振动，因此，故障原因可能与电动机转子的实际位置有关，即脉冲编码器的转子位置检测信号C1、C2、C4、C8信号存在不良。
根据以上分析，考虑到Z轴可以正常移动2.5mm左右，相当于电动机实际转动
180°，因此，进一步判定故障的部位是转子位置检测信号中的C8存在不良。
按照上倒同样的方法，取下脉冲编码器后，根据编码器的连接要求（见表6–1），在引脚N/T、J/K上加入DC5V后，旋转编码器轴，利用万用表测量C1、C2、C4、C8，发现C8的状态无变化，确认了编码器的转子位置检测信号C8存在故障。

表6–1编码器引脚连接表

引脚ABCDEFGHJ/KLMN/TPRS
信号ABCI*A*BZ*Z屏蔽+5VC4C8OVC2OH1OH2
进一步检查发现，编码器内部的C8输出驱动集成电路己经损坏；更换集成电路后，重新安装编码器，并按上倒同样的方法调整转子角度后，机床恢复正常。","分析及处理过程：出现振荡可能是由于系统在速度环增益、电流环增益、负载惯量估计值等设定不当所引起的。根据
",该例按评分标准3进行评分：检查评分标准，标准回答中的故障原因有脉冲编码器的不良，转子位置检测信号C1、C2、C4、C8信号存在不良，编码器内部的C8输出驱动集成电路己经损坏。而模型回答中的振荡可能是由于系统在速度环增益、电流环增益、负载惯量估计值等设定不当所引起的。与标准答案中的故障原因没有关联性，因此按评分标准，模型回答中的故障原因与标准回答中的故障现象产生的原因没有关联性，则得不到基础分5分；因此，最终通过评分标准后检查得分为0分，评分结束，不再往下检查标准，输出得分：0分。
"故障现象：一台配套FANUC11M的加工中心，开机时，CRT显示SV008号报警，Z轴发生周期性振动。
","分析及处理过程：FANUC11M系统出现SV008报警的含义是“坐标轴停止时的误差过大”，引起本报警的可能原因有：
1）系统位置控制参数设定错误。
2）伺服系统机械故障。
3）电源电压异常。
4）电动机和测速发电机、编码器等部件连接不良。
根据上达可能的原因，再结合Z轴作周期性振动的现象综合分析，并通过脱开电动机与丝杠的连接试验，初步判定故障原因在伺服驱动系统的电气部分。
为了进一步判别故障原因，维修时更换了X、Z轴的伺服电动机，进行试验，结果发现故障不变，由此判定故障原因不在伺服电动机。
由于X、Y、Z伺服驱动器的控制板规格一致，在更改设定、短接端后，更换控制板试验，证明故障原因在驱动器的控制板上。
更换驱动器控制板后，故障排除，机床恢复正常。例234.运动过程中出现振动的故障维修
","原因分析：SV008报警表示位置控制不理想，垂直轴驱动器未准备好，主回路逆变晶体管TM1 ~ TM3存在故障。
检查发现Z轴伺服编码器电缆故障，更换后故障消除。
",该例按评分标准3进行评分：检查评分标准，标准回答中的故障原因有系统位置控制参数设定错误，伺服系统机械故障，电源电压异常，电动机和测速发电机、编码器等部件连接不良。而模型回答中的第一个原因：主回路逆变晶体管TM1 ~ TM3存在故障，并未在标准答案中出现，而且从故障原因来看，模型回答给出的原因并未包含在标准答案中，由此可知二者不存在关联性，因此不给分；模型回答的第二个原因：Z轴伺服编码器电缆故障，标准问答中是电动机和测速发电机、编码器等部件连接不良，虽然故障部件不同，但是二者都提到了电动机和编码器连接问题，从更大范围来说二者的说法具有一定关联性，因此按评分标准，模型回答中还有1个故障原因与标准问答某个故障现象产生的原因有关联，所以需要在基础分上加1分，通过加分运算5+1=6。继续检查，没有发现还有其他能关联的故障原因，所以不再继续加分，最终通过评分标准后检查得分为6分，评分结束，不再往下检查标准，输出得分：6分。
"故障现象：一台配套FANUC15MA数控系统的龙门加工中心，在起动完成、进入可操作状态后，X轴只要一运动即出现高频振荡，电动机产生尖叫，系统无任何报警。
","分析及处理过程：在故障出现后，观察X轴拖板，发现实际拖板振动位移很小；但触摸电动机输出轴，可感觉到转子在以很小的幅度、极高的频率振动；且振动的噪声就来自X轴伺服电动机。
考虑到振动无论是在运动中还是静止时均发生，与运动速度无关，故基本上可以排除测速发电机、位置反馈编码器等硬件损坏的可能性。
分析可能的原因是CNC中与伺服驱动有关的参数设定、调整不当引起的；且由于机床振动频率很高，因此时间常数较小的电流环引起振动的可能性较大。
由于FANUC15MA数控系统采用的是数字伺服，伺服参数的调整可以直接通过系统进行，维修时调出伺服调整参数页面，并与机床随机资料中提供的参数表对照，发现参数PIOM1852、PRM1825与提供值不符，设定值见下：
参数号正常值实际设定值
185210003414
182520002770
将上达参数重新修改后，振动现象消失，机床恢复正常运行。例236.驱动器无准备好信号的故障维修
","分析过程：观察发现，出现故障时系统无任何报警，故障只可能有两种原因：1)检测系统的故障或CNC系统速度环增益过高；2)机械故障。
检查检测系统，发现其中X轴编码器的连接松动，造成信号断续，在高速时形成高频振荡。紧固松动的电缆，故障消失。",该例按评分标准3进行评分：检查评分标准，标准回答中的故障原因是CNC中与伺服驱动有关的参数设定、调整不当引起的，伺服参数的参数号为PIOM1852、PRM1825，其正常值分别是1000和2000，而实际设定值分别是3414和2770。而模型回答中的第一个原因：检测系统的故障或CNC系统速度环增益过高，与标准答案中故障原因不匹配，因为前者笼统地提到了检测系统和CNC系统速度环增益过高，但是并未具体到某个参数或部件，而且也未给出任何具体数值，而后者给出了具体的部件和数值，因此二者不存在关联性；而模型回答的第二个原因：机械故障，也未在标准答案中出现，因此按评分标准，模型回答中的故障原因均不能和标准回答中出现的某个故障现象产生的原因有一定关联性的条件，则得不到基础分5分，因此得0分，评分结束，不再往下检查标准，输出得分为0分。
"故障现象：某配套FANUCOi系统、ai系列伺服驱动的立式数控铣床，在自动加工过程中突然出现ALM414、ALM4ll报警。
","分析及处理过程：FANUCOi系统发生ALM411报警的含义是“移动过程中位置遍差过大”；ALM414的含义是“数字伺服报警（Z–AxisDETECTIONSYSTEMEIUIOR）”。
检查Z驱动器显示“8”，表明Z轴IPM报警，可能的原因是Z轴过电流、过热或IPM控制电压过低。利用系统诊断参数DGN200检查发现DGN00bit“51”，表明Z轴驱动器出现过电流报警。
根据以上读断、检查，可以初步确认故障原因为Z轴过电流。考虑到机床的伺服进给系统为半闭环结构，维修时脱开了电动机与丝杠间的联轴器，手动转动丝杠，发现该轴运动十分困难，由此确认故障原因在机械部分。
进一步检查机床机械部分，发现Z导轨表面无润滑油，检查机床润滑系统的定量分油器，确认定量分油器不良。更换定量分油器后，通过手动润滑较长时间，保证Z导轨润滑良好后，再次开机试验，报警消失，机床恢复正常工作。","分析及处理过程：该机床是新购进的，安装调试后，一直运行良好，但使用不到一个月的时间，就出现上述故障。
通过故障信息，结合分析参数DGN200、DGN201，可以判定X轴出现过载。
由于故障偶尔出现，因此，最大可能原因为X轴丝杠有异物，引起过载。
检查X轴导轨时，在机床丝杠尾端发现有一颗小螺钉。清除后，经系统复位，故障排除。",该例按评分标准3进行评分：检查评分标准，标准回答中的故障原因有Z轴过电流、Z轴IPM报警、定量分油器不良。而模型回答中的故障原因是X轴丝杠有异物，与标准答案中的故障原因完全不同，按评分标准，模型回答中的故障原因没有能和标准回答中出现的某个故障现象产生的原因有一定关联性，因此不能得到基础分5分，评分结束，直接得0分。
"故障现象：某配套FANNCOT的数控车床，用户在加工过程中，发现X、Z轴的实际移动尺寸与理论值不符。
","分析及处理过程：由于本机床X、Z轴工作正常，故障仅是移动的实际值与理论值不符，因此可以判定机床系统、驱动器等部件均无故障，引起问题的原因在于机械传动系统参数与控制系统的参数匹配不当。
机械传动系统与控制系统匹配的参数在不同的系统中有所不同，通常有电子齿轮比、指令倍乘系数、检测倍乘系数、编码器脉冲数、丝杠螺距等。以上参数必须统一设定，才能保证系统的指令值与实际移动值相符。
在本机床中，通过检查系统设定参数发现，X、Z轴伺服电动机的编码器脉冲数与系统设定不一致。在机床上，X、Z轴的电动机的型号相同，但内装式编码器分别为每转2000脉冲与2500脉冲，而系统的设定值正好与此相反。
据了解，故障原因是用户在进行机床大修时，曾经拆下X、Z轴伺服电动机进行清理，但安装时未注意到编码器的区别，从而引起了以上问题。对X、Z电动机进行交换后，机床恢复正常工作。",分析及处理过程：根据主轴编码器信号，进行测速发电机电压补偿，测速信号正常；检查系统测量速度参数，其中Vmax参数输入错误；重新正确输入Vmax参数，故障排除,该例按评分标准3进行评分：检查评分标准，标准回答中的故障原因是X、Z轴伺服电动机的编码器脉冲数与系统设定不一致。而模型回答中的原因是Vmax参数输入错误，从故障原因来看，二者没有关联性，因此按评分标准，模型回答中的故障原因和标准回答中的某个故障现象产生的原因没有关联性，则得不到基础分5分；既然已经无法得到基础分，所以无需再进行加分运算，最终通过评分标准后检查得分为0分，评分结束，不再往下检查标准，输出得分：0分。
"故障现象：一台配套FANUCOTD系统aC伺服驱动的二手数控车床，开机后系统显示ALM401、ALM416报警。
","分析及处理过程：FANUCOTD系统出现ALM401报警的含义同前述，ALM416报警的含义是“位置测量系统连接不良”。
检查系统的诊断参数，DGN202bit4
l，证明故障原因是电动机内装式串行脉冲编码器断线。
根据报警提示，检查X、Z轴编码器连接电缆，发现X轴位置编码器连接电缆存在部分断线。
重新连接，更换编码器电缆后，报警排除，机床X、Z轴恢复正常工作。例253.FANUC11系统发生SV023报警的维修
","分析及处理过程：FANUCOTD系统出现ALM401报警的原因与前述相似，不再赘述。
本故障现象提示还同时出现了ALM416，故障含义为“不能执行机床数据G0.1=0171（自动方式下），可能的原因有：l）轴没有准备好；2）系统出现过ALM209报警（位置跟踪误差过大）。
根据报警提示以及观察系统显示位置跟踪误差过大提示，因此故障原因可能为：l）位置跟踪误差过大；2）伺服增益设定不良；3）机械传动装置不良；等等。",该例按评分标准3进行评分：检查评分标准，标准回答中的故障原因有电动机内装式串行脉冲编码器断线，X轴位置编码器连接电缆存在部分断线。而模型回答中的故障原因有位置跟踪误差过大，伺服增益设定不良，机械传动装置不良。经过分析，发现模型回答中的故障原因与标准回答中的故障原因没有关联性，因此，根据评分标准，模型回答得分应该为0分。
"故障现象：一台配套FANUC15MA数控系统的龙门加工中心，在正常加工过程中，系统偶尔出现SV013报警。
","分析及处理过程：FANUC15MA系统出现SV013报警的含义是“Y轴伺服驱动器的V–READY信号断开（YAXISIMPROPERV–READYOFF）”。检查伺服驱动器，发现Y轴伺服驱动上的VRDY发光二极管不亮。
由于FANUC交流伺服驱动的VRDY信号是在伺服驱动器的主接触器MCC吸合、伺服驱动器主回路接通后，如驱动器工作正常（即驱动器无过电流、过电压、过热、测速反馈等报警），MCC就保持吸合，信号VRDY为“1”。

本故障的实质是主接触器MCC未能正常吸合、保持或触点接触不良，根据本章前述，其可能的原因有：
1）伺服驱动器故障。
2）驱动器主回路过电流。
3）CNC与伺服单元之间的电缆连接不良。
仔细检查Y轴伺服驱动器，发现驱动器除VRDY发光二极管不亮外，无其他的报警灯亮，由此可初步排除驱动器主回路过电流的原因。检查CNC和伺服驱动器间的连接电缆，未发现连接问题。
为了进一步判定故障原因，维修时将Y轴和Z轴伺服驱动器的控制板进行了交换，但故障仍然存在，排除了驱动器控制板不良的原因。接着，又交换了Y轴和Z轴伺服驱动器的功放板，交换后故障从Y轴移到了Z轴，由此判定故障原因在Y轴伺服驱动器的功放板。
对照FANUC交流伺服主回路进行详细检查，确认主回路的电气元器件均无故障，由此推断产生故障的原因可能是MCC接触器本身的不良。为了确认，维修时通过外部电源直接给MCC接触器线圈加110V交流控制电压，经试验发现MCC存在自动断开现象，说明MCC接触器线圈存在故障。
更换接触器后，机床恢复正常。",SV013报警为“扭矩控制中轴过载”，根据系统参数，有以下原因：设置扭矩过载、过热过载和机械过载。因工作台和横梁都在正常运行中，因此不考虑机械过载可能性。,该例按评分标准3进行评分：检查评分标准，标准回答中的故障原因有伺服驱动器故障，驱动器主回路过电流，CNC与伺服单元之间的电缆连接不良。而模型回答中的第一个原因：设置扭矩过载，标准问答中并未提及，故此条原因与标准答案中某个故障现象产生的原因无关联性，因此不能给分；继续检查发现模型回答的第二个原因中提到了过热过载，而标准问答中是驱动器主回路过电流，虽然过载和过电流在一定程度上有所关联，但是二者都并未明确指出具体的故障部件，由此可知二者存在一定关联性，因此按评分标准，模型回答中的某1条故障原因能和标准回答中出现的某个故障现象产生的原因有一定关联性的条件，则先得到基础分5分；继续检查发现模型回答的第三个原因中提到了机械过载，标准问答中并未提及，故此条原因与标准答案中某个故障现象产生的原因无关联性，因此不能给分。继续检查，没有发现还有其他能关联的故障原因，所以不再继续加分，最终通过评分标准后检查得分为5分，评分结束，不再往下检查标准，输出得分：5分。
"故障现象：一台配套SIEMENS8MC的卧式加工中心，在电网突然断电后开机，系统

无法起动。
","分析及处理过程：经检查，该机床X轴伺服驱动器的进线快速熔断器已经熔断。该机床的进给系统采用的是SIEMENS6RA系列直流伺服驱动，对照驱动器检查伺服电动机和驱动装置，未发现任何元器件损坏和短路现象。
检查机床机械部分工作亦正常，直接更换熔断器后，起动机床，恢复正常工作。分析原因是由于电网突然断电引起的偶发性故障。",分析及处理过程：观察系统起动过程中的动态，发现系统起动到图4-9中状态G3时，系统显示报警信息：系统起动被中断，检查发现该机的起动过程控制单元模块不良，电源输入端的VCC和GND间的电阻过低，造成系统起动过程中电源过载，从而系统起动被中断。分析原因是系统起动控制单元的集成电路（型号UC1）不良，更换后系统正常。根据本例提示，当系统起动中出现起动被中断报警时，应检查系统起动中是否存在+5V过载（用电阻表检查起动单元上Q1、Q2的集电极是否有短路），如无，则重点检查系统起动控制单元是否存在UCC不良或虚焊。,该例按评分标准3进行评分：检查评分标准，标准回答中的故障原因是电网突然断电引起的偶发性故障，而模型回答中的故障原因是系统起动控制单元的集成电路（型号UC1）不良，虽然二者的故障原因不同，但模型回答中的故障原因系统起动控制单元的集成电路（型号UC1）不良可能也是一个可能的原因，因此按评分标准，模型回答中的某1条故障原因能和标准回答中出现的某个故障现象产生的原因有一定关联性的条件，则先得到基础分5分；继续检查发现没有其他能关联的故障原因，所以不再继续加分，最终通过评分标准后检查得分为5分，评分结束，不再往下检查标准，输出得分：5分。
"故障现象：一台配套SIEMENS850系统、6RA26**系列直流伺服驱动系统的进口卧式加工中心，在开机后，手动移动X轴，机床X轴工作台不运动，CNC出现X跟随误差超差报警。
","分析及处理过程：由于机床其他坐标轴工作正常，X轴驱动器无报警，全部状态指示灯指示无故障，为了确定故障部位，考虑到6RA26**系列直流伺服驱动器的速度/电流调节板A2相同，维修时将X轴驱动器的A2板与Y轴驱动器的A2板进行了对调试验。经试验发现，X轴可以正常工作，但Y轴出现跟随超差报警。
根据这一现象，可以得出X轴驱动器的速度/电流调节器板不良的结论。根据SIE-MENS6RA26**系列直流伺服驱动器原理图，测量检查发现，当少量移动x轴时驱动器的速度给定输入端57与69端子间有模拟量输入，测量驱动器检测端B1，速度模拟量电压
正确，但速度比例调节器N（4LM301）的6脚输出始终为OV。
对照原理图逐一检查速度调节器LM301的反馈电阻R25、R27、R21，偏移调节电阻R10、R12、R13、R15、R14、R12，以及LM301的输入保护二极管V1、V2，给定滤波环节R1、C1、R20、V14，速度反馈滤波环节的R27、R28、R8、R3、C5、R4等外围元器件，确认全部元器件均无故障。
因此，确认故障原因是由于LM301集成运放不良引起的：更换LM301后，机床恢复正常工作，故障排除。",   分析及处理过程：   根据故障现象可以判定：该数控机床的X轴在移动中没有了坐标位移，产生位置跟随误差。分析故障原因可能是进给系统的机械故障，也可能是系统或驱动器不良引起的故障。   首先通过检查、调试机床定位机构，检查机械传动系统无异常，排除机械故障。重新启动系统，通过测量X轴全闭环控制系统的前向通道，发现系统、驱动器工作基本正常，由此可以判定：X轴系统位置编码器故障。为了验证判断，通过脱开电动机与机械的连接，重新启动系统，测量控制电动机每转的速度给定与位置跟随，检查发现该X轴位置编码器位置反馈信号不良是引起该故障的主要原因。为验证故障部位，维修时交换该编码器后，发现系统工作良好，故障排除。,该例按评分标准3进行评分：检查评分标准，标准回答中的故障原因是 LM301集成运放不良，而模型回答中的故障原因是X轴系统位置编码器故障，两个原因完全不同，因此按评分标准，模型回答中的某1条故障原因未能和标准回答中出现的某个故障现象产生的原因有一定关联性，则得不到基础分5分，评分结束，输出得分：0分。
"故障现象：某配套SIEMENSPRIMOS系统、6RA26**系列直流伺服驱动系统的数控滚齿机，开机后移动机床的Z轴，系统发生“ERR22跟随误差超差”报警。
","分析及处理过程：故障分析过程同前例，但在本例中，当利用手轮少量移动Z轴，测量Z轴直流驱动器的速度给定电压始终为0，因此可以初步判定故障在数控装置或数控与驱动器的连接电缆上。

检查数控装置与驱动器的电缆连接正常，确认故障引起的原因在数控装置。打开数控装置检查，发现Z轴的速度给定输出D/A转换器的数字输入正确，但无模拟量输出，从而确认故障是由于D/A转换器不良引起的。
更换Z轴的速度给定输出的12位D/A转换器DAC0800后，机床恢复正常。例266~例267.测量系统故障维修","分析及处理过程：数控机床发生跟随误差超过报警，其实质是实际机床不能到达指令的位置。引起这一故障的原因通常是伺服系统故障或机床机械传动系统的故障。
由于机床伺服进给系统为全闭环结构，无法通过脱开电动机与机械部分的连接进行试验。为了确认故障部位，维修时首先在机床断电、松开夹紧机构的情况下，手动转动Z轴丝杠，未发现机械传动系统的异常，初步判定故障是由伺服系统或数控装置不良引起的。
为了进一步确定故障部位，维修时在系统接通的情况下，利用手轮少量移动Z轴

（移动距离应控制在系统设定的最大允许跟随误差以内，防止出现跟随误差报警），测量Z轴直流驱动器的速度给定电压，经检查发现速度给定有电压输入，其值大小与手轮移动的距离、方向有关。由此可以确认数控装置工作正常，故障是由于伺服驱动器的不良引起的。
检查驱动器发现，驱动器本身状态指示灯无报警，基本上可以排除驱动器主回路的故障。考虑到该机床X、Z轴驱动器型号相同，通过逐一交换驱动器的控制板确认故障部位在6RA26**直流驱动器的A2板。
根据SIEMENS6RA26**系列直流伺服驱动器的原理图，逐一检查、测量各级信号，最后确认故障原因是由于A2板上的集成电压比较器N7（型号：LM348）不良引起的；更换后，机床恢复正常。",该例按评分标准3进行评分：检查评分标准，标准回答中的故障原因有：Z轴的速度给定输出D/A转换器的数字输入正确，但无模拟量输出。而模型回答中的故障原因是伺服系统故障或机床机械传动系统的故障，虽然模型回答中未提及具体的故障部件，但是也未随便给出一个和标准回答不同的错误部件，而且从故障范围来看，标准问答中的原因都在模型回答的故障原因范围内，由此可知二者存在关联性，因此按评分标准，模型回答中的某1条故障原因能和标准回答中出现的某个故障现象产生的原因有一定关联性的条件，则先得到基础分5分；继续检查发现模型回答的第二个原因中提到了伺服驱动器不良，标准问答中是A2板上的集成电压比较器N7不良，虽然具体部件不同，但是二者都提到了是伺服驱动器这一部分发生故障，从更大范围来说二者的说法具有一定关联性，因此按评分标准，模型回答中还有1个故障原因与标准问答某个故障现象产生的原因有关联，所以需要在基础分上加1分，通过加分运算5+1=6。继续检查，没有发现还有其他能关联的故障原因，所以不再继续加分，最终通过评分标准后检查得分为6分，评分结束，不再往下检查标准，输出得分：6分。
"故障现象：一台采用SIEMENS810系统的数控磨床，在开机回参考点时，Y轴出现
ALM1121报警和ALM1681报警。
","分析及处理过程：SIEMENS810系统ALM1121报警的含义是“Y轴的跟随误差过大
（YCLAMINGMONITORING）”；ALM1681报警的含义是“伺服使能信号撤消（SERVOEN-
ABLENTRAVAXIS）”。
手动运动Y轴，发现CRT上Y轴的坐标值显示发生变化，但实际Y轴伺服电动机没有运动，当Y显示到达机床参数设定的跟随误差极限后，即出现1121报警。
检查机床的伺服单元，当出现故障时，其相应伺服控制器上的H1/A报警灯亮，表示伺服电动机过载。
根据以上现象分析，故障可能是由于运动部件阻力过大引起的。为了确定故障部位，维修时将伺服电动机与机械部件脱开，检查发现机械负载很轻，因为机床Y轴使用的是带有制动器的伺服电动机，初步确定故障是由于制动器不良引起的。
为了确认伺服电动机制动器的工作情况，通过加入外部电源，确认制动器工作正常。进一步检查制动器的连接线路，发现制动器电源连接不良，造成制动器未能够完全松开；重新连接后，故障消失。","分析及处理过程：故障含义为“Y轴移动过程中的位置跟随误差过大”，原因同3T系统ALM22报警；Y轴编码器过热，检查系统Y轴位置信号确认该轴位置编码器过热。
由于系统的位置显示值显示编码器位置，检查系统的诊断功能DGN582和583显示Y轴编码器温度为负值，引起系统报警；重新开机后，Y轴工作正常，系统报警消失，机床恢复正常工作。
分析及处理过程：首先查阅系统说明书，确认报警含义为“外部编码器内部温度超出系统允许范围”；检查机床的Y轴编码器冷却条件确认Y轴编码器为通过电主轴轴承冷却。
由于系统的位置显示值显示编码器位置，检查系统的诊断功能DGN582和583显示Y轴编码器温度为负值，引起系统报警；重新开机后，Y轴工作正常，系统报警消失，机床恢复正常工作。
",该例按评分标准3进行评分：检查评分标准，标准回答中的故障原因有Y轴的跟随误差过大，伺服电动机过载，制动器不良，制动器电源连接不良。而模型回答中的第一个原因：Y轴移动过程中的位置跟随误差过大，原因同3T系统ALM22报警；Y轴编码器过热，检查系统Y轴位置信号确认该轴位置编码器过热。与标准答案中的Y轴的跟随误差过大有一定的关联性，因为模型回答虽未提及具体的跟随误差过大现象，但也未随便给出一个和标准回答不同的错误跟随误差过大现象，而且从故障范围来看，前者的范围包含了后者，由此可知二者存在关联性，因此按评分标准，模型回答中的某1条故障原因能和标准回答中出现的某个故障现象产生的原因有一定关联性的条件，则先得到基础分5分；继续检查发现模型回答的第二个原因中提到了Y轴编码器过热，标准问答中是伺服电动机过载，虽然过热的具体部件不同，但是二者都提到了伺服电动机这一部分发生过载，从更大范围来说二者的说法具有一定关联性，因此按评分标准，模型回答中还有1个故障原因与标准问答某个故障现象产生的原因有关联，所以需要在基础分上加1分，通过加分运算5+1=6。继续检查，没有发现还有其他能关联的故障原因，所以不再继续加分，最终通过评分标准后检查得分为6分，评分结束，不再往下检查标准，输出得分：6分。
"故障现象：一台配套DYNAPATH20M系统的二手数控铣床，加工零件时的Y向加工尺寸与编程尺寸存在较大的误差，而且误差值与Y轴的移动距离成正比，距离越长，误差越大。
","分析及处理过程：为了进一步确认故障原因，维修时对机床Y轴的定位精度进行了仔细测量。测量后发现，机床Y轴每移动一个螺距，实际移动距离均要相差0.1mm左右，而且具有固定的规律。
根据","   答案：由于该机床是新近从外单位购进的，估计在安装过程中，定位螺钉没有调节好，或者由于加工过程中碰松了，使得定位螺钉松动，造成该误差。
   处理方法：按住DYNAPATH20M系统面板上的“急停”开关，重新上电，快速定位后，重新进行零件加工，便故障排除。",该例按评分标准2进行评分：检查标准：由于最终原因是机床Y轴的定位精度出现问题，而模型回答中的故障原因定位螺钉没有调节好或者松动，虽然和最终故障原因基本一致，因此判断结果为正确，判断到此结束，最后输出判断结果：正确。由于判断正确，评分结束，不再往下检查标准，虽然匹配最终故障原因，但给出的解决方案未匹配，因此需要扣1分，输出得分：9分。
"故障现象：某配套GSK980M的数控磨床，在自动加工过程中，CNC经常出现ALM33
报警。
","分析及处理过程：GSK980M33号报警的含义是“Z轴指令速度过大”。
本机床为专用数控机床，Z轴用于修整砂轮，当每次修整砂轮时，就会产生该报警。报警产生的原因通常是由于系统的参数设定不合适，但检查系统参数未发现问题，
调整Z轴运动速度，报警仍然出现。
进一步测量电动机三项绕组，发现其三相绕组的电阻值分别为0.6*、1.1*、1.4*；这显然不正确，拆下电动机后检查，发现该电动机引出线和内部绕组绝缘层己多处受损；更换电动机后，故障排除。",分析及处理过程：ALM33报警表示各轴移动速度超过命令值的20%或加速度超过命令值的10%，查PMC梯形图知报警号为561，经检查参数n4615设定不合理，设定为80*2000=160000脉冲/转，而电动机为10r/min，因此造成报警。重新设定后正常。,该例按评分标准3进行评分：检查评分标准，标准回答中的故障原因有电动机三项绕组电阻值不正确，电动机引出线和内部绕组绝缘层多处受损。而模型回答中的故障原因是电动机出现问题，电动机绕组电阻不平衡。其中电动机出现问题这一原因与标准答案中的电动机引出线和内部绕组绝缘层多处受损具有关联性，电动机绕组电阻不平衡这一原因与标准答案中的电动机三项绕组电阻值不正确具有关联性，因此按评分标准，模型回答中的某1条故障原因能和标准回答中出现的某个故障现象产生的原因有一定关联性的条件，则先得到基础分5分；继续检查发现模型回答的第二个原因中提到了电动机绕组电阻不平衡，标准问答中是电动机三项绕组电阻值不正确，虽然电阻不平衡的具体程度不同，但是二者都提到了是电动机绕组电阻出现问题，从更大范围来说二者的说法具有一定关联性，因此按评分标准，模型回答中还有1个故障原因与标准问答某个故障现象产生的原因有关联，所以需要在基础分上加1分，通过加分运算5+1=6。继续检查，没有发现还有其他能关联的故障原因，所以不再继续加分，最终通过评分标准后检查得分为6分，评分结束，不再往下检查标准，输出得分：6分。
"故障现象：某采用YASKA.AJ50M的加工中心，配套2H伺服驱动器，在开机调试时，三轴伺服电动机出现异常声。
","分析及处理过程：数控机床伺服进给系统电动机出现异常声，在系统部件无故障时，通常与进给系统的设定与调整有关，当系统速度环增益设定过高，积分时间设定不合适时，将出现以上现象。
在2H伺服驱动器中，参数Cn–04、Cn–05用于调整速度环的增益与积分时间，在本机床上，通过改变参数Cn–04的设定值（由80更改为60）后，伺服电动机异常声即消除。",分析与处理过程：经检查，发现此故障是由于电动机减速器的固定螺栓松动引起的。拧紧电动机减速器的固定螺栓并对电动机进行重新定位后，工作正常。,该例按评分标准3进行评分：检查评分标准，标准回答中的故障原因有速度环增益设定过高，积分时间设定不合适。而模型回答中的故障原因是电动机减速器的固定螺栓松动，与标准答案中所述的故障原因不符。由此可知二者不存在关联性，因此按评分标准，模型回答中的故障原因无法与标准回答中出现的某个故障现象产生的原因关联，则得0分，评分结束，不再往下检查标准，输出得分：0分。
