questions,answers,contexts
"故障现象：某配套FANUC6M的立式加工中心，在加工过程中，车间突然断电，恢复供电后，无法重新起动机床。
","根据已知信息，故障现象为加工过程中车间突然断电，恢复供电后，机床无法重新起动。分析过程及可能的原因和解决方案如下：

1）检查电源输入单元，发现电源指示灯（PIL）与报警灯（ALM）同时亮起，表明电源模块存在故障。检查输入熔断器F11、F12，发现熔断器F11、F12已经熔断。
解决方案：更换熔断器F11、F12，检查电源输入是否存在短路现象。如果存在短路，需要找出短路原因并排除。

2）检查电源单元内部二次侧的开关电源。将短接设定端S1、S2、S4、S5依次取下，当取下S5后，故障消失，判定故障发生在DC24V电源回路。
解决方案：检查DC24V电源回路中的元器件，如电阻、电容、二极管等，找出故障元器件并进行更换。

3）检查电网电压波动情况。如果电压波动较大，可能导致整流桥、开关管、续流管等元器件损坏。
解决方案：更换损坏的元器件，并考虑安装稳压器等稳定电源电压的设备。

4）检查电源模块的输入和输出是否正常。如果输入正常，但输出不正常，可能存在电源模","出处 [1] [机床维修案例_200.csv] 

故障现象: 故障现象：某配套FANUC6M的立式加工中心，由工厂自发电供电，工件加工过程中，系统突然断电，显示消失，机床停机后无法重新起动机床。
分析过程: 分析及处理过程经检查，该机床电源输入单元的电源指示（PIL）与报警（ALM）灯同时亮，表明电源模块存在故障。检查输入熔断器F11熔断，换上熔断器后测量，发现电源输入存在短路现象。
故障分析过程同上例，对照原理图检查发现VS11短路，DS11整流桥损坏，更换后机床恢复正常。



出处 [2] [机床维修案例_200.csv] 

故障现象: 故障现象：某配套FANUC6M的立式加工中心，在长期停用后首次开机，出现电源无法接通的故障。
分析过程: 分析及处理过程对照以上原理图4–1，经测量电源输入单元TP1，输入U/V/?为200V正常，但检查U1、V1端无AC200V。由图4–1可见，其故障原因应为F1、F2熔断，经测量确认F1、F2已经熔断。进一步检查发现，输入单元的TP3上200A/200B间存在短路。为了区分故障部位，取下TP3上的200A、200B连线，进行再次测量，确认故障在输入单元的外部。检查线路发现200A、200B电缆绝缘破损。在更换电缆、熔断器F1、F2，排除短路故障后，机床恢复正常。



出处 [3] [机床维修案例_200.csv] 

故障现象: 故障现象：某配套FANUC6M的立式加工中心，在加工过程中，机床突然断电，再次开机，无法重新起动机床。
分析过程: 分析及处理过程经检查，该机床电源输入单元的电源指示（PIL）与报警（ALM）灯同时亮，表明电源模块存在故障。检查电源模块输入熔断器F11、F12正常。对照原理图检查各元器件，发现VS11、NF11、DS11、Q14、Q15、D24、D25均正常，电源模块一次侧无短路，判定故障发生在开关电源的二次侧。
为了迅速判断故障部位，维修时依次取下短接设定端S1、S2、S4、S5，当取下S5后，故障消失，由此判定故障发生在DC24V电源回路。
进一步检查发现，线路中的DC24V电流检测电阻R26不良，引起了24V过电流保护回路动作。更换R26后，机床恢复正常。
维修体会与维修要点：
1）根据个人的维修经验，在FANUC系统中，电源单元故障的原因多发生在电网供电不良的地区。由于加工过程中的外部突然断电或在工厂自发电供电的情况下工作，是引起电源单元故障的主要原因。

2）在一般情况下，电源单元的故障以进线的浪涌吸收器（VS11）的故障居多。当VS11故障，但维修现场无器件时，为了保证机床的正常生产，通常的做法是暂时取消VS11，确保机床的使用，待备件到位后，再予以更换。
3）在电网电压波动大大（特别是自发电的场合），偶然也有整流桥、开关管、续流管损坏的情况。对于以上器件，在无备件时，一般可以直接利用其他同规格的整流桥、开关管、续流管进行替代。在安装尺寸不同时，有时也可以将整流桥安装到电源单元的外部。
4）FANUC不同的系统中，电源模块的型号有所不同，常见的电源单元有如下规格：
€FANUC10系统用电源单元：A16B–1210–0510；
""FANUC11系统用电源单元：A16B–1210–0560；
€FANUC12系统用电源单元：A20B–1000–0770；
$FANUC0系统用电源单元A：A16B–1211–0850；
%FANUC0系统用电源单元B：A16B–1212–0110；

&FANUC0系统用电源单元AI：A16B–1212–010（0

常用）。

以上电源单元的基本组成与工作原理与FANUC6系统相似，不再赘述，发生故障的情况办基本类似，为了便于维修人员参考，附录B中提供了以上常用电源单元的原理框图，可以供维修时参考。



出处 [4] [机床维修案例_200.csv] 

故障现象: 故障现象：某配套FANUC6M的立式加工中心，开机时发现系统电源无法正常接
通。
分析过程: 分析及处理过程经检查，输入单元PIL灯与ALM灯均亮，由原理图4–3可知，引
起故障的原因可能是来自CP1–5/6的24V/±15V/+5V电源模块报警。当CP1–5/6接通后，由于中间继电器AL的吸合，使RY1互锁，RY1无法吸合。为了确认，维修时暂时断开了CP1–5、6间的连接，再次进行试验，ALM灯灭，CNC可以起动（CRT上显示报警），证明了故障原因。通过对电源单元进行必要的维修处理（有关电源单元的维修，参见本节后述），排除电源模块故障后，机床恢复正常。



出处 [5] [机床维修案例_200.csv] 

故障现象: 故障现象：某配套FANUC6M的立式加工中心，在加工过程中，车间突然断电，恢复供电后，无法重新起动机床。
分析过程: 分析及处理过程经检查，该机床电源输入单元的电源指示（PIL）与报警（ALM）灯同

时亮，表明电源模块存在故障。检查电源模块输入熔断器F11、F12熔断，测量电源输入存在短路。
故障分析过程同例31，对照原理图检查各元器件，确认VS11、NF11、DS11均正常，因此判定故障发生在开关电源的一次侧驱动部分。
断开SH11后，测量驱动输出Q14、Q15、D24、D25，发现Q14的CE极短路，更换Q14
（2SC3046）后，短路消失，开机后机床恢复正常。例34.续流二极管不良引起的故障维修

"
